{"cameraMode":{"drawMode":0,"name":"Shaded","section":"Shading Mode"},"sceneLighting":true,"audioPlay":false,"sceneViewState":{"showFog":true,"showMaterialUpdate":false,"showSkybox":true,"showFlares":true,"showImageEffects":true,"showParticleSystems":true},"in2DMode":false,"pivot":{"x":0.01761157065629959,"y":1.1100000143051148,"z":-3.5790505409240724},"rotation":{"x":0.1483343094587326,"y":-0.705027163028717,"z":0.15469945967197419,"w":0.6760212182998657},"size":10.967750549316407,"orthographic":false}